{
    "mesh_files": ["../models/dense/sala2039.off",
                    "../models/dense/sala1991.off", "../models/dense/sala2343.off"],
    "cam_pos": [
            {"x": 1.6348786428914903,  "y": 1.1836401989655352, "z": 0.8277766725924591},
            {"x": 1.405061042371321,  "y": 1.2016302960981653, "z": 1.7523119096340265},
            {"x": -1.78958890904936,  "y": 1.2941331133042304, "z": -0.3940599767154947}
        ]
}
