{
    "mesh_files": ["../models/dense/sala2039.off"],
    "cam_pos": [
            {"x": 1.6348786428914903,  "y": 1.1836401989655352, "z": 0.8277766725924591}
        ]
}
