{
    "mesh_files": ["../models/dense/sala2039.off",
                    "../models/dense/sala1991.off"],
    "cam_pos": [
            {"x": 1.6348786428914903,  "y": 1.1836401989655352, "z": 0.8277766725924591},
            {"x": 1.405061042371321,  "y": 1.2016302960981653, "z": 1.7523119096340265}
        ]
}
